id,kind,organism as written,expected species,decoy,plain query,decoy query
bino-1,binomial,danio rerio,danio_rerio,oreochromis niloticus,The samples are from danio rerio. We have germline SNVs and small indels in coding exons. I just need the consequence types.,"My supervisor works on oreochromis niloticus, but the samples are danio rerio. We have germline SNVs and small indels in coding exons. I just need the consequence types."
bino-2,binomial,mus musculus,mus_musculus,anser cygnoides,These are mus musculus samples. I'm working with somatic point mutations in promoters and enhancers. I want to know which are pathogenic.,The variants were first reported in anser cygnoides; ours are from mus musculus. I'm working with somatic point mutations in promoters and enhancers. I want to know which are pathogenic.
bino-3,binomial,acanthochromis polyacanthus,acanthochromis_polyacanthus,procavia capensis,The data are from acanthochromis polyacanthus. Our lab just got back inherited structural variants in coding regions. I just need the basic consequences.,"We followed a protocol written for procavia capensis, and the samples are acanthochromis polyacanthus. Our lab just got back inherited structural variants in coding regions. I just need the basic consequences."
bino-4,binomial,cottoperca gobio,cottoperca_gobio,ornithorhynchus anatinus,The samples are from cottoperca gobio. I've got a VCF of acquired somatic CNVs in regulatory regions. I want to know which are pathogenic.,Not a ornithorhynchus anatinus study: the samples are cottoperca gobio. I've got a VCF of acquired somatic CNVs in regulatory regions. I want to know which are pathogenic.
bino-5,binomial,balaenoptera musculus,balaenoptera_musculus,crocodylus porosus,These are balaenoptera musculus samples. We called germline SNVs and small indels in coding exons. I just need the consequence types.,"My supervisor works on crocodylus porosus, but the samples are balaenoptera musculus. We called germline SNVs and small indels in coding exons. I just need the consequence types."
bino-6,binomial,callithrix jacchus,callithrix_jacchus,ciona savignyi,The data are from callithrix jacchus. We have somatic point mutations in promoters and enhancers. I want to know which are pathogenic.,The variants were first reported in ciona savignyi; ours are from callithrix jacchus. We have somatic point mutations in promoters and enhancers. I want to know which are pathogenic.
bino-7,binomial,oncorhynchus mykiss,oncorhynchus_mykiss,accipiter nisus,The samples are from oncorhynchus mykiss. I'm working with inherited structural variants in coding regions. I just need the basic consequences.,"We followed a protocol written for accipiter nisus, and the samples are oncorhynchus mykiss. I'm working with inherited structural variants in coding regions. I just need the basic consequences."
bino-8,binomial,dipodomys ordii,dipodomys_ordii,erythrura gouldiae,These are dipodomys ordii samples. Our lab just got back acquired somatic CNVs in regulatory regions. I want to know which are pathogenic.,Not a erythrura gouldiae study: the samples are dipodomys ordii. Our lab just got back acquired somatic CNVs in regulatory regions. I want to know which are pathogenic.
bino-9,binomial,oryzias melastigma,oryzias_melastigma,stachyris ruficeps,The data are from oryzias melastigma. I've got a VCF of germline SNVs and small indels in coding exons. I just need the consequence types.,"My supervisor works on stachyris ruficeps, but the samples are oryzias melastigma. I've got a VCF of germline SNVs and small indels in coding exons. I just need the consequence types."
bino-10,binomial,junco hyemalis,junco_hyemalis,melopsittacus undulatus,The samples are from junco hyemalis. We called somatic point mutations in promoters and enhancers. I want to know which are pathogenic.,The variants were first reported in melopsittacus undulatus; ours are from junco hyemalis. We called somatic point mutations in promoters and enhancers. I want to know which are pathogenic.
bino-11,binomial,stachyris ruficeps,stachyris_ruficeps,amphiprion percula,These are stachyris ruficeps samples. We have inherited structural variants in coding regions. I just need the basic consequences.,"We followed a protocol written for amphiprion percula, and the samples are stachyris ruficeps. We have inherited structural variants in coding regions. I just need the basic consequences."
bino-12,binomial,scophthalmus maximus,scophthalmus_maximus,laticauda laticaudata,The data are from scophthalmus maximus. I'm working with acquired somatic CNVs in regulatory regions. I want to know which are pathogenic.,Not a laticauda laticaudata study: the samples are scophthalmus maximus. I'm working with acquired somatic CNVs in regulatory regions. I want to know which are pathogenic.
bino-13,binomial,carassius auratus,carassius_auratus,anas platyrhynchos,The samples are from carassius auratus. Our lab just got back germline SNVs and small indels in coding exons. I just need the consequence types.,"My supervisor works on anas platyrhynchos, but the samples are carassius auratus. Our lab just got back germline SNVs and small indels in coding exons. I just need the consequence types."
bino-14,binomial,geospiza fortis,geospiza_fortis,cavia aperea,These are geospiza fortis samples. I've got a VCF of somatic point mutations in promoters and enhancers. I want to know which are pathogenic.,The variants were first reported in cavia aperea; ours are from geospiza fortis. I've got a VCF of somatic point mutations in promoters and enhancers. I want to know which are pathogenic.
bino-15,binomial,ciona savignyi,ciona_savignyi,mandrillus leucophaeus,The data are from ciona savignyi. We called inherited structural variants in coding regions. I just need the basic consequences.,"We followed a protocol written for mandrillus leucophaeus, and the samples are ciona savignyi. We called inherited structural variants in coding regions. I just need the basic consequences."
bino-16,binomial,pseudonaja textilis,pseudonaja_textilis,bos grunniens,The samples are from pseudonaja textilis. We have acquired somatic CNVs in regulatory regions. I want to know which are pathogenic.,Not a bos grunniens study: the samples are pseudonaja textilis. We have acquired somatic CNVs in regulatory regions. I want to know which are pathogenic.
bino-17,binomial,sphaeramia orbicularis,sphaeramia_orbicularis,meriones unguiculatus,These are sphaeramia orbicularis samples. I'm working with germline SNVs and small indels in coding exons. I just need the consequence types.,"My supervisor works on meriones unguiculatus, but the samples are sphaeramia orbicularis. I'm working with germline SNVs and small indels in coding exons. I just need the consequence types."
bino-18,binomial,apteryx haastii,apteryx_haastii,serinus canaria,The data are from apteryx haastii. Our lab just got back somatic point mutations in promoters and enhancers. I want to know which are pathogenic.,The variants were first reported in serinus canaria; ours are from apteryx haastii. Our lab just got back somatic point mutations in promoters and enhancers. I want to know which are pathogenic.
bino-19,binomial,chelydra serpentina,chelydra_serpentina,athene cunicularia,The samples are from chelydra serpentina. I've got a VCF of inherited structural variants in coding regions. I just need the basic consequences.,"We followed a protocol written for athene cunicularia, and the samples are chelydra serpentina. I've got a VCF of inherited structural variants in coding regions. I just need the basic consequences."
bino-20,binomial,gallus gallus,gallus_gallus,spermophilus dauricus,These are gallus gallus samples. We called acquired somatic CNVs in regulatory regions. I want to know which are pathogenic.,Not a spermophilus dauricus study: the samples are gallus gallus. We called acquired somatic CNVs in regulatory regions. I want to know which are pathogenic.
bino-21,binomial,monopterus albus,monopterus_albus,cyclopterus lumpus,The data are from monopterus albus. We have germline SNVs and small indels in coding exons. I just need the consequence types.,"My supervisor works on cyclopterus lumpus, but the samples are monopterus albus. We have germline SNVs and small indels in coding exons. I just need the consequence types."
bino-22,binomial,salarias fasciatus,salarias_fasciatus,mus spicilegus,The samples are from salarias fasciatus. I'm working with somatic point mutations in promoters and enhancers. I want to know which are pathogenic.,The variants were first reported in mus spicilegus; ours are from salarias fasciatus. I'm working with somatic point mutations in promoters and enhancers. I want to know which are pathogenic.
bino-23,binomial,oryzias sinensis,oryzias_sinensis,castor canadensis,These are oryzias sinensis samples. Our lab just got back inherited structural variants in coding regions. I just need the basic consequences.,"We followed a protocol written for castor canadensis, and the samples are oryzias sinensis. Our lab just got back inherited structural variants in coding regions. I just need the basic consequences."
bino-24,binomial,chinchilla lanigera,chinchilla_lanigera,sinocyclocheilus rhinocerous,The data are from chinchilla lanigera. I've got a VCF of acquired somatic CNVs in regulatory regions. I want to know which are pathogenic.,Not a sinocyclocheilus rhinocerous study: the samples are chinchilla lanigera. I've got a VCF of acquired somatic CNVs in regulatory regions. I want to know which are pathogenic.
bino-25,binomial,dromaius novaehollandiae,dromaius_novaehollandiae,rattus norvegicus,The samples are from dromaius novaehollandiae. We called germline SNVs and small indels in coding exons. I just need the consequence types.,"My supervisor works on rattus norvegicus, but the samples are dromaius novaehollandiae. We called germline SNVs and small indels in coding exons. I just need the consequence types."
bino-26,binomial,tupaia belangeri,tupaia_belangeri,mesocricetus auratus,These are tupaia belangeri samples. We have somatic point mutations in promoters and enhancers. I want to know which are pathogenic.,The variants were first reported in mesocricetus auratus; ours are from tupaia belangeri. We have somatic point mutations in promoters and enhancers. I want to know which are pathogenic.
bino-27,binomial,rattus norvegicus,rattus_norvegicus,eptatretus burgeri,The data are from rattus norvegicus. I'm working with inherited structural variants in coding regions. I just need the basic consequences.,"We followed a protocol written for eptatretus burgeri, and the samples are rattus norvegicus. I'm working with inherited structural variants in coding regions. I just need the basic consequences."
bino-28,binomial,nannospalax galili,nannospalax_galili,pygocentrus nattereri,The samples are from nannospalax galili. Our lab just got back acquired somatic CNVs in regulatory regions. I want to know which are pathogenic.,Not a pygocentrus nattereri study: the samples are nannospalax galili. Our lab just got back acquired somatic CNVs in regulatory regions. I want to know which are pathogenic.
bino-29,binomial,carlito syrichta,carlito_syrichta,nothobranchius furzeri,These are carlito syrichta samples. I've got a VCF of germline SNVs and small indels in coding exons. I just need the consequence types.,"My supervisor works on nothobranchius furzeri, but the samples are carlito syrichta. I've got a VCF of germline SNVs and small indels in coding exons. I just need the consequence types."
bino-30,binomial,neolamprologus brichardi,neolamprologus_brichardi,scleropages formosus,The data are from neolamprologus brichardi. We called somatic point mutations in promoters and enhancers. I want to know which are pathogenic.,The variants were first reported in scleropages formosus; ours are from neolamprologus brichardi. We called somatic point mutations in promoters and enhancers. I want to know which are pathogenic.
comm-1,common,monterrey platyfish,xiphophorus_couchianus,white-tufted-ear marmoset,The samples are from monterrey platyfish. We have germline SNVs and small indels in coding exons. I just need the consequence types.,"My supervisor works on white-tufted-ear marmoset, but the samples are monterrey platyfish. We have germline SNVs and small indels in coding exons. I just need the consequence types."
comm-2,common,california sea lion,zalophus_californianus,spiny chromis,These are california sea lion samples. I'm working with somatic point mutations in promoters and enhancers. I want to know which are pathogenic.,The variants were first reported in spiny chromis; ours are from california sea lion. I'm working with somatic point mutations in promoters and enhancers. I want to know which are pathogenic.
comm-3,common,small-eared galago,otolemur_garnettii,small tree finch,The data are from small-eared galago. Our lab just got back inherited structural variants in coding regions. I just need the basic consequences.,"We followed a protocol written for small tree finch, and the samples are small-eared galago. Our lab just got back inherited structural variants in coding regions. I just need the basic consequences."
comm-4,common,western european hedgehog,erinaceus_europaeus,shortfin molly,The samples are from western european hedgehog. I've got a VCF of acquired somatic CNVs in regulatory regions. I want to know which are pathogenic.,Not a shortfin molly study: the samples are western european hedgehog. I've got a VCF of acquired somatic CNVs in regulatory regions. I want to know which are pathogenic.
comm-5,common,mexican tetra,astyanax_mexicanus,rufous-capped babbler,These are mexican tetra samples. We called germline SNVs and small indels in coding exons. I just need the consequence types.,"My supervisor works on rufous-capped babbler, but the samples are mexican tetra. We called germline SNVs and small indels in coding exons. I just need the consequence types."
comm-6,common,pig-tailed macaque,macaca_nemestrina,damara mole rat,The data are from pig-tailed macaque. We have somatic point mutations in promoters and enhancers. I want to know which are pathogenic.,The variants were first reported in damara mole rat; ours are from pig-tailed macaque. We have somatic point mutations in promoters and enhancers. I want to know which are pathogenic.
comm-7,common,ryukyu mouse,mus_caroli,medium ground-finch,The samples are from ryukyu mouse. I'm working with inherited structural variants in coding regions. I just need the basic consequences.,"We followed a protocol written for medium ground-finch, and the samples are ryukyu mouse. I'm working with inherited structural variants in coding regions. I just need the basic consequences."
comm-8,common,golden-collared manakin,manacus_vitellinus,mongolian gerbil,These are golden-collared manakin samples. Our lab just got back acquired somatic CNVs in regulatory regions. I want to know which are pathogenic.,Not a mongolian gerbil study: the samples are golden-collared manakin. Our lab just got back acquired somatic CNVs in regulatory regions. I want to know which are pathogenic.
comm-9,common,sea lamprey,petromyzon_marinus,indian glassy fish,The data are from sea lamprey. I've got a VCF of germline SNVs and small indels in coding exons. I just need the consequence types.,"My supervisor works on indian glassy fish, but the samples are sea lamprey. I've got a VCF of germline SNVs and small indels in coding exons. I just need the consequence types."
comm-10,common,arctic ground squirrel,urocitellus_parryii,ryukyu mouse,The samples are from arctic ground squirrel. We called somatic point mutations in promoters and enhancers. I want to know which are pathogenic.,The variants were first reported in ryukyu mouse; ours are from arctic ground squirrel. We called somatic point mutations in promoters and enhancers. I want to know which are pathogenic.
comm-11,common,blunt-snouted clingfish,gouania_willdenowi,green anole,These are blunt-snouted clingfish samples. We have inherited structural variants in coding regions. I just need the basic consequences.,"We followed a protocol written for green anole, and the samples are blunt-snouted clingfish. We have inherited structural variants in coding regions. I just need the basic consequences."
comm-12,common,climbing perch,anabas_testudineus,collared flycatcher,The data are from climbing perch. I'm working with acquired somatic CNVs in regulatory regions. I want to know which are pathogenic.,Not a collared flycatcher study: the samples are climbing perch. I'm working with acquired somatic CNVs in regulatory regions. I want to know which are pathogenic.
comm-13,common,pink-footed goose,anser_brachyrhynchus,northern tree shrew,The samples are from pink-footed goose. Our lab just got back germline SNVs and small indels in coding exons. I just need the consequence types.,"My supervisor works on northern tree shrew, but the samples are pink-footed goose. Our lab just got back germline SNVs and small indels in coding exons. I just need the consequence types."
comm-14,common,great tit,parus_major,mainland tiger snake,These are great tit samples. I've got a VCF of somatic point mutations in promoters and enhancers. I want to know which are pathogenic.,The variants were first reported in mainland tiger snake; ours are from great tit. I've got a VCF of somatic point mutations in promoters and enhancers. I want to know which are pathogenic.
comm-15,common,komodo dragon,varanus_komodoensis,golden-collared manakin,The data are from komodo dragon. We called inherited structural variants in coding regions. I just need the basic consequences.,"We followed a protocol written for golden-collared manakin, and the samples are komodo dragon. We called inherited structural variants in coding regions. I just need the basic consequences."
comm-16,common,chacoan peccary,catagonus_wagneri,african savanna elephant,The samples are from chacoan peccary. We have acquired somatic CNVs in regulatory regions. I want to know which are pathogenic.,Not a african savanna elephant study: the samples are chacoan peccary. We have acquired somatic CNVs in regulatory regions. I want to know which are pathogenic.
comm-17,common,collared flycatcher,ficedula_albicollis,spoon-billed sandpiper,These are collared flycatcher samples. I'm working with germline SNVs and small indels in coding exons. I just need the consequence types.,"My supervisor works on spoon-billed sandpiper, but the samples are collared flycatcher. I'm working with germline SNVs and small indels in coding exons. I just need the consequence types."
comm-18,common,black snub-nosed monkey,rhinopithecus_bieti,zebrafish,The data are from black snub-nosed monkey. Our lab just got back somatic point mutations in promoters and enhancers. I want to know which are pathogenic.,The variants were first reported in zebrafish; ours are from black snub-nosed monkey. Our lab just got back somatic point mutations in promoters and enhancers. I want to know which are pathogenic.
comm-19,common,western lowland gorilla,gorilla_gorilla,round goby,The samples are from western lowland gorilla. I've got a VCF of inherited structural variants in coding regions. I just need the basic consequences.,"We followed a protocol written for round goby, and the samples are western lowland gorilla. I've got a VCF of inherited structural variants in coding regions. I just need the basic consequences."
comm-20,common,daurian ground squirrel,spermophilus_dauricus,chacoan peccary,These are daurian ground squirrel samples. We called acquired somatic CNVs in regulatory regions. I want to know which are pathogenic.,Not a chacoan peccary study: the samples are daurian ground squirrel. We called acquired somatic CNVs in regulatory regions. I want to know which are pathogenic.
comm-21,common,goodes thornscrub tortoise,gopherus_evgoodei,sea squirt ciona savignyi,The data are from goodes thornscrub tortoise. We have germline SNVs and small indels in coding exons. I just need the consequence types.,"My supervisor works on sea squirt ciona savignyi, but the samples are goodes thornscrub tortoise. We have germline SNVs and small indels in coding exons. I just need the consequence types."
comm-22,common,live sharksucker,echeneis_naucrates,northern pike,The samples are from live sharksucker. I'm working with somatic point mutations in promoters and enhancers. I want to know which are pathogenic.,The variants were first reported in northern pike; ours are from live sharksucker. I'm working with somatic point mutations in promoters and enhancers. I want to know which are pathogenic.
comm-23,common,golden-line barbel,sinocyclocheilus_grahami,brown trout,These are golden-line barbel samples. Our lab just got back inherited structural variants in coding regions. I just need the basic consequences.,"We followed a protocol written for brown trout, and the samples are golden-line barbel. Our lab just got back inherited structural variants in coding regions. I just need the basic consequences."
comm-24,common,western wild mouse,mus_spretus,atlantic herring,The data are from western wild mouse. I've got a VCF of acquired somatic CNVs in regulatory regions. I want to know which are pathogenic.,Not a atlantic herring study: the samples are western wild mouse. I've got a VCF of acquired somatic CNVs in regulatory regions. I want to know which are pathogenic.
comm-25,common,american pika,ochotona_princeps,zebra mbuna,The samples are from american pika. We called germline SNVs and small indels in coding exons. I just need the consequence types.,"My supervisor works on zebra mbuna, but the samples are american pika. We called germline SNVs and small indels in coding exons. I just need the consequence types."
comm-26,common,siberian musk deer,moschus_moschiferus,javanese ricefish,These are siberian musk deer samples. We have somatic point mutations in promoters and enhancers. I want to know which are pathogenic.,The variants were first reported in javanese ricefish; ours are from siberian musk deer. We have somatic point mutations in promoters and enhancers. I want to know which are pathogenic.
comm-27,common,tropical clawed frog,xenopus_tropicalis,siamese fighting fish,The data are from tropical clawed frog. I'm working with inherited structural variants in coding regions. I just need the basic consequences.,"We followed a protocol written for siamese fighting fish, and the samples are tropical clawed frog. I'm working with inherited structural variants in coding regions. I just need the basic consequences."
comm-28,common,small madagascar hedgehog,echinops_telfairi,large flying fox,The samples are from small madagascar hedgehog. Our lab just got back acquired somatic CNVs in regulatory regions. I want to know which are pathogenic.,Not a large flying fox study: the samples are small madagascar hedgehog. Our lab just got back acquired somatic CNVs in regulatory regions. I want to know which are pathogenic.
comm-29,common,spoon-billed sandpiper,calidris_pygmaea,medium ground-finch,These are spoon-billed sandpiper samples. I've got a VCF of germline SNVs and small indels in coding exons. I just need the consequence types.,"My supervisor works on medium ground-finch, but the samples are spoon-billed sandpiper. I've got a VCF of germline SNVs and small indels in coding exons. I just need the consequence types."
comm-30,common,zebra mbuna,maylandia_zebra,clown anemonefish,The data are from zebra mbuna. We called somatic point mutations in promoters and enhancers. I want to know which are pathogenic.,The variants were first reported in clown anemonefish; ours are from zebra mbuna. We called somatic point mutations in promoters and enhancers. I want to know which are pathogenic.
engl-1,english_word,opossum,monodelphis_domestica,mallard,The samples are from an opossum. We have germline SNVs and small indels in coding exons. I just need the consequence types.,"My supervisor works on mallard, but the samples are from an opossum. We have germline SNVs and small indels in coding exons. I just need the consequence types."
engl-2,english_word,coelacanth,latimeria_chalumnae,alpaca,These samples come from a coelacanth. I'm working with somatic point mutations in promoters and enhancers. I want to know which are pathogenic.,The variants were first reported in alpaca; ours are from a coelacanth. I'm working with somatic point mutations in promoters and enhancers. I want to know which are pathogenic.
engl-3,english_word,budgerigar,melopsittacus_undulatus,platyfish,The data are from a budgerigar. Our lab just got back inherited structural variants in coding regions. I just need the basic consequences.,"We followed a protocol written for platyfish, and the samples are from a budgerigar. Our lab just got back inherited structural variants in coding regions. I just need the basic consequences."
engl-4,english_word,goat,capra_hircus,pig,The samples are from a goat. I've got a VCF of acquired somatic CNVs in regulatory regions. I want to know which are pathogenic.,Not a pig study: the samples are from a goat. I've got a VCF of acquired somatic CNVs in regulatory regions. I want to know which are pathogenic.
engl-5,english_word,degu,octodon_degus,tuatara,These samples come from a degu. We called germline SNVs and small indels in coding exons. I just need the consequence types.,"My supervisor works on tuatara, but the samples are from a degu. We called germline SNVs and small indels in coding exons. I just need the consequence types."
engl-6,english_word,wallaby,notamacropus_eugenii,shrew,The data are from a wallaby. We have somatic point mutations in promoters and enhancers. I want to know which are pathogenic.,The variants were first reported in shrew; ours are from a wallaby. We have somatic point mutations in promoters and enhancers. I want to know which are pathogenic.
engl-7,english_word,kakapo,strigops_habroptila,chicken,The samples are from a kakapo. I'm working with inherited structural variants in coding regions. I just need the basic consequences.,"We followed a protocol written for chicken, and the samples are from a kakapo. I'm working with inherited structural variants in coding regions. I just need the basic consequences."
engl-8,english_word,leopard,panthera_pardus,koala,These samples come from a leopard. Our lab just got back acquired somatic CNVs in regulatory regions. I want to know which are pathogenic.,Not a koala study: the samples are from a leopard. Our lab just got back acquired somatic CNVs in regulatory regions. I want to know which are pathogenic.
engl-9,english_word,stickleback,gasterosteus_aculeatus,wallaby,The data are from a stickleback. I've got a VCF of germline SNVs and small indels in coding exons. I just need the consequence types.,"My supervisor works on wallaby, but the samples are from a stickleback. I've got a VCF of germline SNVs and small indels in coding exons. I just need the consequence types."
engl-10,english_word,armadillo,dasypus_novemcinctus,gorilla,The samples are from an armadillo. We called somatic point mutations in promoters and enhancers. I want to know which are pathogenic.,The variants were first reported in gorilla; ours are from an armadillo. We called somatic point mutations in promoters and enhancers. I want to know which are pathogenic.
engl-11,english_word,ruff,calidris_pugnax,degu,These samples come from a ruff. We have inherited structural variants in coding regions. I just need the basic consequences.,"We followed a protocol written for degu, and the samples are from a ruff. We have inherited structural variants in coding regions. I just need the basic consequences."
engl-12,english_word,gibbon,nomascus_leucogenys,degu,The data are from a gibbon. I'm working with acquired somatic CNVs in regulatory regions. I want to know which are pathogenic.,Not a degu study: the samples are from a gibbon. I'm working with acquired somatic CNVs in regulatory regions. I want to know which are pathogenic.
engl-13,english_word,tetraodon,tetraodon_nigroviridis,lion,The samples are from a tetraodon. Our lab just got back germline SNVs and small indels in coding exons. I just need the consequence types.,"My supervisor works on lion, but the samples are from a tetraodon. Our lab just got back germline SNVs and small indels in coding exons. I just need the consequence types."
engl-14,english_word,tiger,panthera_tigris,hagfish,These samples come from a tiger. I've got a VCF of somatic point mutations in promoters and enhancers. I want to know which are pathogenic.,The variants were first reported in hagfish; ours are from a tiger. I've got a VCF of somatic point mutations in promoters and enhancers. I want to know which are pathogenic.
engl-15,english_word,guppy,poecilia_reticulata,dingo,The data are from a guppy. We called inherited structural variants in coding regions. I just need the basic consequences.,"We followed a protocol written for dingo, and the samples are from a guppy. We called inherited structural variants in coding regions. I just need the basic consequences."
engl-16,english_word,ass,equus_asinus,elephant,The samples are from an ass. We have acquired somatic CNVs in regulatory regions. I want to know which are pathogenic.,Not a elephant study: the samples are from an ass. We have acquired somatic CNVs in regulatory regions. I want to know which are pathogenic.
engl-17,english_word,platyfish,xiphophorus_maculatus,goat,These samples come from a platyfish. I'm working with germline SNVs and small indels in coding exons. I just need the consequence types.,"My supervisor works on goat, but the samples are from a platyfish. I'm working with germline SNVs and small indels in coding exons. I just need the consequence types."
engl-18,english_word,narwhal,monodon_monoceros,gorilla,The data are from a narwhal. Our lab just got back somatic point mutations in promoters and enhancers. I want to know which are pathogenic.,The variants were first reported in gorilla; ours are from a narwhal. Our lab just got back somatic point mutations in promoters and enhancers. I want to know which are pathogenic.
engl-19,english_word,squirrel,ictidomys_tridecemlineatus,dingo,The samples are from a squirrel. I've got a VCF of inherited structural variants in coding regions. I just need the basic consequences.,"We followed a protocol written for dingo, and the samples are from a squirrel. I've got a VCF of inherited structural variants in coding regions. I just need the basic consequences."
engl-20,english_word,vole,microtus_ochrogaster,shrew,These samples come from a vole. We called acquired somatic CNVs in regulatory regions. I want to know which are pathogenic.,Not a shrew study: the samples are from a vole. We called acquired somatic CNVs in regulatory regions. I want to know which are pathogenic.
engl-21,english_word,chimpanzee,pan_troglodytes,wallaby,The data are from a chimpanzee. We have germline SNVs and small indels in coding exons. I just need the consequence types.,"My supervisor works on wallaby, but the samples are from a chimpanzee. We have germline SNVs and small indels in coding exons. I just need the consequence types."
engl-22,english_word,tuatara,sphenodon_punctatus,armadillo,The samples are from a tuatara. I'm working with somatic point mutations in promoters and enhancers. I want to know which are pathogenic.,The variants were first reported in armadillo; ours are from a tuatara. I'm working with somatic point mutations in promoters and enhancers. I want to know which are pathogenic.
engl-23,english_word,dingo,canis_lupus,guppy,These samples come from a dingo. Our lab just got back inherited structural variants in coding regions. I just need the basic consequences.,"We followed a protocol written for guppy, and the samples are from a dingo. Our lab just got back inherited structural variants in coding regions. I just need the basic consequences."
engl-24,english_word,sloth,choloepus_hoffmanni,elephant,The data are from a sloth. I've got a VCF of acquired somatic CNVs in regulatory regions. I want to know which are pathogenic.,Not a elephant study: the samples are from a sloth. I've got a VCF of acquired somatic CNVs in regulatory regions. I want to know which are pathogenic.
engl-25,english_word,pig,sus_scrofa,fugu,The samples are from a pig. We called germline SNVs and small indels in coding exons. I just need the consequence types.,"My supervisor works on fugu, but the samples are from a pig. We called germline SNVs and small indels in coding exons. I just need the consequence types."
engl-26,english_word,dolphin,tursiops_truncatus,degu,These samples come from a dolphin. We have somatic point mutations in promoters and enhancers. I want to know which are pathogenic.,The variants were first reported in degu; ours are from a dolphin. We have somatic point mutations in promoters and enhancers. I want to know which are pathogenic.
engl-27,english_word,elephant,loxodonta_africana,ass,The data are from an elephant. I'm working with inherited structural variants in coding regions. I just need the basic consequences.,"We followed a protocol written for ass, and the samples are from an elephant. I'm working with inherited structural variants in coding regions. I just need the basic consequences."
engl-28,english_word,sheep,ovis_aries,hyrax,The samples are from a sheep. Our lab just got back acquired somatic CNVs in regulatory regions. I want to know which are pathogenic.,Not a hyrax study: the samples are from a sheep. Our lab just got back acquired somatic CNVs in regulatory regions. I want to know which are pathogenic.
engl-29,english_word,meerkat,suricata_suricatta,leopard,These samples come from a meerkat. I've got a VCF of germline SNVs and small indels in coding exons. I just need the consequence types.,"My supervisor works on leopard, but the samples are from a meerkat. I've got a VCF of germline SNVs and small indels in coding exons. I just need the consequence types."
engl-30,english_word,fugu,takifugu_rubripes,dolphin,The data are from a fugu. We called somatic point mutations in promoters and enhancers. I want to know which are pathogenic.,The variants were first reported in dolphin; ours are from a fugu. We called somatic point mutations in promoters and enhancers. I want to know which are pathogenic.
stra-1,strain,seriola lalandi dorsalis,seriola_lalandi,mouse pwk/phj,The samples are from seriola lalandi dorsalis. We have germline SNVs and small indels in coding exons. I just need the consequence types.,"My supervisor works on mouse pwk/phj, but the samples are seriola lalandi dorsalis. We have germline SNVs and small indels in coding exons. I just need the consequence types."
stra-2,strain,asiatic black bear,ursus_thibetanus,yellowtail amberjack,These are asiatic black bear samples. I'm working with somatic point mutations in promoters and enhancers. I want to know which are pathogenic.,The variants were first reported in yellowtail amberjack; ours are from asiatic black bear. I'm working with somatic point mutations in promoters and enhancers. I want to know which are pathogenic.
stra-3,strain,chinese hamster chok1gs,cricetulus_griseus,cyprinus carpio hebaored,The data are from chinese hamster chok1gs. Our lab just got back inherited structural variants in coding regions. I just need the basic consequences.,"We followed a protocol written for cyprinus carpio hebaored, and the samples are chinese hamster chok1gs. Our lab just got back inherited structural variants in coding regions. I just need the basic consequences."
stra-4,strain,oryzias latipes hni,oryzias_latipes,mouse fvb/nj,The samples are from oryzias latipes hni. I've got a VCF of acquired somatic CNVs in regulatory regions. I want to know which are pathogenic.,Not a mouse fvb/nj study: the samples are oryzias latipes hni. I've got a VCF of acquired somatic CNVs in regulatory regions. I want to know which are pathogenic.
stra-5,strain,cyprinus carpio huanghe,cyprinus_carpio,canis lupus familiarisboxer,These are cyprinus carpio huanghe samples. We called germline SNVs and small indels in coding exons. I just need the consequence types.,"My supervisor works on canis lupus familiarisboxer, but the samples are cyprinus carpio huanghe. We called germline SNVs and small indels in coding exons. I just need the consequence types."
stra-6,strain,northern spotted owl,strix_occidentalis,canis lupus familiarisboxer,The data are from northern spotted owl. We have somatic point mutations in promoters and enhancers. I want to know which are pathogenic.,The variants were first reported in canis lupus familiarisboxer; ours are from northern spotted owl. We have somatic point mutations in promoters and enhancers. I want to know which are pathogenic.
stra-7,strain,american bison,bison_bison,mouse a/j,The samples are from american bison. I'm working with inherited structural variants in coding regions. I just need the basic consequences.,"We followed a protocol written for mouse a/j, and the samples are american bison. I'm working with inherited structural variants in coding regions. I just need the basic consequences."
stra-8,strain,alpine marmot,marmota_marmota,mouse c57bl/6nj,These are alpine marmot samples. Our lab just got back acquired somatic CNVs in regulatory regions. I want to know which are pathogenic.,Not a mouse c57bl/6nj study: the samples are alpine marmot. Our lab just got back acquired somatic CNVs in regulatory regions. I want to know which are pathogenic.
stra-9,strain,domestic cattle,bos_taurus,colobus angolensis palliatus,The data are from domestic cattle. I've got a VCF of germline SNVs and small indels in coding exons. I just need the consequence types.,"My supervisor works on colobus angolensis palliatus, but the samples are domestic cattle. I've got a VCF of germline SNVs and small indels in coding exons. I just need the consequence types."
stra-10,strain,silver-eye,zosterops_lateralis,chinese hamster crigri,The samples are from a silver-eye. We called somatic point mutations in promoters and enhancers. I want to know which are pathogenic.,The variants were first reported in chinese hamster crigri; ours are from a silver-eye. We called somatic point mutations in promoters and enhancers. I want to know which are pathogenic.
stra-11,strain,naked mole-rat male,heterocephalus_glaber,canis lupus familiarisbasenji,These are naked mole-rat male samples. We have inherited structural variants in coding regions. I just need the basic consequences.,"We followed a protocol written for canis lupus familiarisbasenji, and the samples are naked mole-rat male. We have inherited structural variants in coding regions. I just need the basic consequences."
stra-12,strain,felis catus abyssinian,felis_catus,yellowtail amberjack,The data are from felis catus abyssinian. I'm working with acquired somatic CNVs in regulatory regions. I want to know which are pathogenic.,Not a yellowtail amberjack study: the samples are felis catus abyssinian. I'm working with acquired somatic CNVs in regulatory regions. I want to know which are pathogenic.
stra-13,strain,bengalese finch,lonchura_striata,saimiri boliviensis boliviensis,The samples are from bengalese finch. Our lab just got back germline SNVs and small indels in coding exons. I just need the consequence types.,"My supervisor works on saimiri boliviensis boliviensis, but the samples are bengalese finch. Our lab just got back germline SNVs and small indels in coding exons. I just need the consequence types."
stra-14,strain,superb fairywren,malurus_cyaneus,lonchura striata domestica,These are superb fairywren samples. I've got a VCF of somatic point mutations in promoters and enhancers. I want to know which are pathogenic.,The variants were first reported in lonchura striata domestica; ours are from superb fairywren. I've got a VCF of somatic point mutations in promoters and enhancers. I want to know which are pathogenic.
stra-15,strain,northern american deer mouse,peromyscus_maniculatus,sus scrofa tibetan,The data are from northern american deer mouse. We called inherited structural variants in coding regions. I just need the basic consequences.,"We followed a protocol written for sus scrofa tibetan, and the samples are northern american deer mouse. We called inherited structural variants in coding regions. I just need the basic consequences."
stra-16,strain,african ostrich,struthio_camelus,sus scrofa largewhite,The samples are from african ostrich. We have acquired somatic CNVs in regulatory regions. I want to know which are pathogenic.,Not a sus scrofa largewhite study: the samples are african ostrich. We have acquired somatic CNVs in regulatory regions. I want to know which are pathogenic.
stra-17,strain,atlantic salmon,salmo_salar,mouse c57bl/6nj,These are atlantic salmon samples. I'm working with germline SNVs and small indels in coding exons. I just need the consequence types.,"My supervisor works on mouse c57bl/6nj, but the samples are atlantic salmon. I'm working with germline SNVs and small indels in coding exons. I just need the consequence types."
stra-18,strain,painted turtle,chrysemys_picta,marmota marmota marmota,The data are from painted turtle. Our lab just got back somatic point mutations in promoters and enhancers. I want to know which are pathogenic.,The variants were first reported in marmota marmota marmota; ours are from painted turtle. Our lab just got back somatic point mutations in promoters and enhancers. I want to know which are pathogenic.
stra-19,strain,terrapene carolina triunguis,terrapene_carolina,heterocephalus glaber female,The samples are from terrapene carolina triunguis. I've got a VCF of inherited structural variants in coding regions. I just need the basic consequences.,"We followed a protocol written for heterocephalus glaber female, and the samples are terrapene carolina triunguis. I've got a VCF of inherited structural variants in coding regions. I just need the basic consequences."
stra-20,strain,colobus angolensis palliatus,colobus_angolensis,naked mole-rat,These are colobus angolensis palliatus samples. We called acquired somatic CNVs in regulatory regions. I want to know which are pathogenic.,Not a naked mole-rat study: the samples are colobus angolensis palliatus. We called acquired somatic CNVs in regulatory regions. I want to know which are pathogenic.
stra-21,strain,yarkand deer,cervus_hanglu,western european house mouse,The data are from yarkand deer. We have germline SNVs and small indels in coding exons. I just need the consequence types.,"My supervisor works on western european house mouse, but the samples are yarkand deer. We have germline SNVs and small indels in coding exons. I just need the consequence types."
stra-22,strain,domestic ferret,mustela_putorius,naked mole-rat,The samples are from domestic ferret. I'm working with somatic point mutations in promoters and enhancers. I want to know which are pathogenic.,The variants were first reported in naked mole-rat; ours are from domestic ferret. I'm working with somatic point mutations in promoters and enhancers. I want to know which are pathogenic.
stra-23,strain,cairina moschata domestica,cairina_moschata,mus musculus c3hhej,These are cairina moschata domestica samples. Our lab just got back inherited structural variants in coding regions. I just need the basic consequences.,"We followed a protocol written for mus musculus c3hhej, and the samples are cairina moschata domestica. Our lab just got back inherited structural variants in coding regions. I just need the basic consequences."
stra-24,strain,golden eagle,aquila_chrysaetos,atlantic salmon,The data are from golden eagle. I've got a VCF of acquired somatic CNVs in regulatory regions. I want to know which are pathogenic.,Not a atlantic salmon study: the samples are golden eagle. I've got a VCF of acquired somatic CNVs in regulatory regions. I want to know which are pathogenic.
stra-25,strain,bolivian squirrel monkey,saimiri_boliviensis,terrapene carolina triunguis,The samples are from bolivian squirrel monkey. We called germline SNVs and small indels in coding exons. I just need the consequence types.,"My supervisor works on terrapene carolina triunguis, but the samples are bolivian squirrel monkey. We called germline SNVs and small indels in coding exons. I just need the consequence types."
stra-26,strain,anas platyrhynchos platyrhynchos,anas_platyrhynchos,mus musculus wsbeij,These are anas platyrhynchos platyrhynchos samples. We have somatic point mutations in promoters and enhancers. I want to know which are pathogenic.,The variants were first reported in mus musculus wsbeij; ours are from anas platyrhynchos platyrhynchos. We have somatic point mutations in promoters and enhancers. I want to know which are pathogenic.
trap-1,trap,platypus,ornithorhynchus_anatinus,turkey,The samples are from a platypus. We have germline SNVs and small indels in coding exons. I just need the consequence types.,"My supervisor works on turkey, but the samples are from a platypus. We have germline SNVs and small indels in coding exons. I just need the consequence types."
trap-2,trap,drill,mandrillus_leucophaeus,dog,These samples come from a drill. I'm working with somatic point mutations in promoters and enhancers. I want to know which are pathogenic.,The variants were first reported in dog; ours are from a drill. I'm working with somatic point mutations in promoters and enhancers. I want to know which are pathogenic.
trap-3,trap,guinea pig,cavia_porcellus,dog,The data are from guinea pig. Our lab just got back inherited structural variants in coding regions. I just need the basic consequences.,"We followed a protocol written for dog, and the samples are guinea pig. Our lab just got back inherited structural variants in coding regions. I just need the basic consequences."
trap-4,trap,rabbit,oryctolagus_cuniculus,drill,The samples are from a rabbit. I've got a VCF of acquired somatic CNVs in regulatory regions. I want to know which are pathogenic.,Not a drill study: the samples are from a rabbit. I've got a VCF of acquired somatic CNVs in regulatory regions. I want to know which are pathogenic.
trap-5,trap,turkey,meleagris_gallopavo,drill,These samples come from a turkey. We called germline SNVs and small indels in coding exons. I just need the consequence types.,"My supervisor works on drill, but the samples are from a turkey. We called germline SNVs and small indels in coding exons. I just need the consequence types."
